algorithm,dataset,size,average_time_microseconds,average_character_comparisons
quick_sort,random,100,782.496,29432
merge_sort,random,100,135.008,928
string_quick_sort,random,100,52.1166,656
string_merge_sort,random,100,113.654,928
msd_radix_sort,random,100,278.563,336
msd_radix_quick_sort,random,100,46.5251,296
quick_sort,reverse_sorted,100,743.466,29284
merge_sort,reverse_sorted,100,97.2708,828
string_quick_sort,reverse_sorted,100,185.112,2905
string_merge_sort,reverse_sorted,100,96.2458,828
msd_radix_sort,reverse_sorted,100,382.691,356
msd_radix_quick_sort,reverse_sorted,100,40.8248,305
quick_sort,nearly_sorted,100,753.496,27729
merge_sort,nearly_sorted,100,74.596,500
string_quick_sort,nearly_sorted,100,75.6832,1167
string_merge_sort,nearly_sorted,100,73.2375,500
msd_radix_sort,nearly_sorted,100,284.787,340
msd_radix_quick_sort,nearly_sorted,100,40.2333,309
quick_sort,prefix_heavy,100,2170.44,83506
merge_sort,prefix_heavy,100,1301.05,43000
string_quick_sort,prefix_heavy,100,141.416,4461
string_merge_sort,prefix_heavy,100,1198.57,43000
msd_radix_sort,prefix_heavy,100,1216.83,8092
msd_radix_quick_sort,prefix_heavy,100,860.363,8038
quick_sort,random,200,1583.51,60507
merge_sort,random,200,260.846,2383
string_quick_sort,random,200,111.854,1574
string_merge_sort,random,200,218.717,2383
msd_radix_sort,random,200,580.833,776
msd_radix_quick_sort,random,200,92.1585,714
quick_sort,reverse_sorted,200,1265.49,58358
merge_sort,reverse_sorted,200,240.392,2008
string_quick_sort,reverse_sorted,200,402.958,7465
string_merge_sort,reverse_sorted,200,291.408,2008
msd_radix_sort,reverse_sorted,200,593.221,788
msd_radix_quick_sort,reverse_sorted,200,87.7835,785
quick_sort,nearly_sorted,200,1303.5,56181
merge_sort,nearly_sorted,200,249.008,1650
string_quick_sort,nearly_sorted,200,192.029,3014
string_merge_sort,nearly_sorted,200,190.221,1650
msd_radix_sort,nearly_sorted,200,598.213,802
msd_radix_quick_sort,nearly_sorted,200,76.9416,727
quick_sort,prefix_heavy,200,4047.1,184958
merge_sort,prefix_heavy,200,2465.66,101191
string_quick_sort,prefix_heavy,200,241.921,9086
string_merge_sort,prefix_heavy,200,2358.1,101191
msd_radix_sort,prefix_heavy,200,1719.91,16230
msd_radix_quick_sort,prefix_heavy,200,1151.05,16168
quick_sort,random,300,2284.02,87624
merge_sort,random,300,540.225,4048
string_quick_sort,random,300,167.487,2607
string_merge_sort,random,300,468.204,4048
msd_radix_sort,random,300,869.896,1228
msd_radix_quick_sort,random,300,113.437,1222
quick_sort,reverse_sorted,300,1854.88,78218
merge_sort,reverse_sorted,300,327.829,3400
string_quick_sort,reverse_sorted,300,773.633,12171
string_merge_sort,reverse_sorted,300,380.338,3400
msd_radix_sort,reverse_sorted,300,837.317,1242
msd_radix_quick_sort,reverse_sorted,300,135.879,1456
quick_sort,nearly_sorted,300,1886.45,74942
merge_sort,nearly_sorted,300,381.2,2556
string_quick_sort,nearly_sorted,300,287.383,4785
string_merge_sort,nearly_sorted,300,381.133,2556
msd_radix_sort,nearly_sorted,300,817.175,1204
msd_radix_quick_sort,nearly_sorted,300,83.9707,1243
quick_sort,prefix_heavy,300,3880.62,160732
merge_sort,prefix_heavy,300,1763.33,54438
string_quick_sort,prefix_heavy,300,256.842,6060
string_merge_sort,prefix_heavy,300,1713.47,54438
msd_radix_sort,prefix_heavy,300,1406.87,8382
msd_radix_quick_sort,prefix_heavy,300,789.138,8356
quick_sort,random,400,3070.1,117228
merge_sort,random,400,686.088,5836
string_quick_sort,random,400,249.242,3325
string_merge_sort,random,400,636.904,5836
msd_radix_sort,random,400,1071.52,1670
msd_radix_quick_sort,random,400,194.933,1744
quick_sort,reverse_sorted,400,2743.69,114980
merge_sort,reverse_sorted,400,569.75,4876
string_quick_sort,reverse_sorted,400,1031.2,16138
string_merge_sort,reverse_sorted,400,585.225,4876
msd_radix_sort,reverse_sorted,400,1070.66,1670
msd_radix_quick_sort,reverse_sorted,400,194.7,2179
quick_sort,nearly_sorted,400,3109.05,121303
merge_sort,nearly_sorted,400,519.004,3665
string_quick_sort,nearly_sorted,400,498.4,8351
string_merge_sort,nearly_sorted,400,446.662,3665
msd_radix_sort,nearly_sorted,400,1013.22,1658
msd_radix_quick_sort,nearly_sorted,400,202.409,1852
quick_sort,prefix_heavy,400,6100.08,256574
merge_sort,prefix_heavy,400,3151.36,101173
string_quick_sort,prefix_heavy,400,375.737,10115
string_merge_sort,prefix_heavy,400,2352.16,101173
msd_radix_sort,prefix_heavy,400,1471.95,14374
msd_radix_quick_sort,prefix_heavy,400,1280.4,14474
quick_sort,random,500,3936.73,146492
merge_sort,random,500,864.075,7750
string_quick_sort,random,500,339.438,4830
string_merge_sort,random,500,904.096,7750
msd_radix_sort,random,500,1137.13,2066
msd_radix_quick_sort,random,500,284.783,2318
quick_sort,reverse_sorted,500,2679.92,107820
merge_sort,reverse_sorted,500,683.413,6134
string_quick_sort,reverse_sorted,500,1265.02,20368
string_merge_sort,reverse_sorted,500,723.029,6134
msd_radix_sort,reverse_sorted,500,1154.82,2080
msd_radix_quick_sort,reverse_sorted,500,226.971,3010
quick_sort,nearly_sorted,500,2987.57,115726
merge_sort,nearly_sorted,500,595.1,4760
string_quick_sort,nearly_sorted,500,647.183,10967
string_merge_sort,nearly_sorted,500,686.891,4760
msd_radix_sort,nearly_sorted,500,1149.62,2070
msd_radix_quick_sort,nearly_sorted,500,239.267,2462
quick_sort,prefix_heavy,500,11606.8,504635
merge_sort,prefix_heavy,500,5973.38,252985
string_quick_sort,prefix_heavy,500,779.079,20134
string_merge_sort,prefix_heavy,500,8768.04,252985
msd_radix_sort,prefix_heavy,500,7899.34,33812
msd_radix_quick_sort,prefix_heavy,500,2551.69,33971
quick_sort,random,600,5081.05,179128
merge_sort,random,600,1103.11,9958
string_quick_sort,random,600,470.117,6233
string_merge_sort,random,600,1095.42,9958
msd_radix_sort,random,600,1276.86,2538
msd_radix_quick_sort,random,600,257.229,2936
quick_sort,reverse_sorted,600,4174.85,150260
merge_sort,reverse_sorted,600,889.8,8022
string_quick_sort,reverse_sorted,600,1687.53,24332
string_merge_sort,reverse_sorted,600,836.517,8022
msd_radix_sort,reverse_sorted,600,1266.83,2526
msd_radix_quick_sort,reverse_sorted,600,298.608,4043
quick_sort,nearly_sorted,600,4421.34,155181
merge_sort,nearly_sorted,600,929.596,6752
string_quick_sort,nearly_sorted,600,1012.18,12919
string_merge_sort,nearly_sorted,600,929.187,6752
msd_radix_sort,nearly_sorted,600,1419.8,2562
msd_radix_quick_sort,nearly_sorted,600,317.779,3082
quick_sort,prefix_heavy,600,9763.74,337253
merge_sort,prefix_heavy,600,4418.47,124256
string_quick_sort,prefix_heavy,600,667.2,13182
string_merge_sort,prefix_heavy,600,4395.9,124256
msd_radix_sort,prefix_heavy,600,2593.12,16876
msd_radix_quick_sort,prefix_heavy,600,1445.07,17211
quick_sort,random,700,6105,200482
merge_sort,random,700,1489.45,12013
string_quick_sort,random,700,571.354,7225
string_merge_sort,random,700,1502.02,12013
msd_radix_sort,random,700,1431.29,2908
msd_radix_quick_sort,random,700,348.825,3531
quick_sort,reverse_sorted,700,5987.36,194786
merge_sort,reverse_sorted,700,1307.73,9886
string_quick_sort,reverse_sorted,700,2356.06,29287
string_merge_sort,reverse_sorted,700,1233.96,9886
msd_radix_sort,reverse_sorted,700,1802.54,2990
msd_radix_quick_sort,reverse_sorted,700,521.983,5119
quick_sort,nearly_sorted,700,6238.99,201434
merge_sort,nearly_sorted,700,1202.78,8252
string_quick_sort,nearly_sorted,700,1383.1,17122
string_merge_sort,nearly_sorted,700,1184.27,8252
msd_radix_sort,nearly_sorted,700,1403.57,2938
msd_radix_quick_sort,nearly_sorted,700,370.512,3753
quick_sort,prefix_heavy,700,9164.59,335103
merge_sort,prefix_heavy,700,4072.73,103655
string_quick_sort,prefix_heavy,700,618.067,11954
string_merge_sort,prefix_heavy,700,3789.56,103655
msd_radix_sort,prefix_heavy,700,2301.45,14168
msd_radix_quick_sort,prefix_heavy,700,1314.97,14720
quick_sort,random,800,6736.03,247206
merge_sort,random,800,1623.35,14208
string_quick_sort,random,800,582.658,7524
string_merge_sort,random,800,1653.3,14208
msd_radix_sort,random,800,1616.1,3366
msd_radix_quick_sort,random,800,377.575,4133
quick_sort,reverse_sorted,800,5923.15,227112
merge_sort,reverse_sorted,800,1287.29,11458
string_quick_sort,reverse_sorted,800,2190.7,33646
string_merge_sort,reverse_sorted,800,1335.11,11458
msd_radix_sort,reverse_sorted,800,1787.31,3448
msd_radix_quick_sort,reverse_sorted,800,542.792,6370
quick_sort,nearly_sorted,800,5768.29,225309
merge_sort,nearly_sorted,800,1312.12,9863
string_quick_sort,nearly_sorted,800,1321.58,20369
string_merge_sort,nearly_sorted,800,1258.36,9863
msd_radix_sort,nearly_sorted,800,1477.07,3388
msd_radix_quick_sort,nearly_sorted,800,403.808,4589
quick_sort,prefix_heavy,800,9924.17,374128
merge_sort,prefix_heavy,800,3797.52,94817
string_quick_sort,prefix_heavy,800,780.338,13306
string_merge_sort,prefix_heavy,800,3793.37,94817
msd_radix_sort,prefix_heavy,800,2420.65,13014
msd_radix_quick_sort,prefix_heavy,800,1142.97,13891
quick_sort,random,900,6922.75,254783
merge_sort,random,900,1864.94,16565
string_quick_sort,random,900,691.508,8913
string_merge_sort,random,900,2273.68,16565
msd_radix_sort,random,900,1834.78,3856
msd_radix_quick_sort,random,900,510.225,4904
quick_sort,reverse_sorted,900,5882.26,226746
merge_sort,reverse_sorted,900,1472.3,13098
string_quick_sort,reverse_sorted,900,2262.09,38539
string_merge_sort,reverse_sorted,900,1358.22,13098
msd_radix_sort,reverse_sorted,900,1795.19,3900
msd_radix_quick_sort,reverse_sorted,900,541.421,7652
quick_sort,nearly_sorted,900,5967.58,227442
merge_sort,nearly_sorted,900,1085.36,8481
string_quick_sort,nearly_sorted,900,1524.22,23867
string_merge_sort,nearly_sorted,900,1216.12,8481
msd_radix_sort,nearly_sorted,900,1460.47,3870
msd_radix_quick_sort,nearly_sorted,900,319.05,5441
quick_sort,prefix_heavy,900,25012,1.07226e+06
merge_sort,prefix_heavy,900,14194.4,613880
string_quick_sort,prefix_heavy,900,1486.77,43009
string_merge_sort,prefix_heavy,900,16194.9,613880
msd_radix_sort,prefix_heavy,900,5962.02,73406
msd_radix_quick_sort,prefix_heavy,900,5502.62,74136
quick_sort,random,1000,6155.62,300887
merge_sort,random,1000,1674.06,18811
string_quick_sort,random,1000,799.829,10742
string_merge_sort,random,1000,2105.55,18811
msd_radix_sort,random,1000,1939.67,4328
msd_radix_quick_sort,random,1000,471.933,5625
quick_sort,reverse_sorted,1000,6223.08,235592
merge_sort,reverse_sorted,1000,1716.05,14450
string_quick_sort,reverse_sorted,1000,4366.17,41860
string_merge_sort,reverse_sorted,1000,1572.23,14450
msd_radix_sort,reverse_sorted,1000,2386.4,4282
msd_radix_quick_sort,reverse_sorted,1000,643.621,9275
quick_sort,nearly_sorted,1000,6737.29,232812
merge_sort,nearly_sorted,1000,1564.95,13373
string_quick_sort,nearly_sorted,1000,1876.27,28476
string_merge_sort,nearly_sorted,1000,1558.25,13373
msd_radix_sort,nearly_sorted,1000,1921.63,4362
msd_radix_quick_sort,nearly_sorted,1000,542.95,6173
quick_sort,prefix_heavy,1000,23841.7,938721
merge_sort,prefix_heavy,1000,13646.8,486599
string_quick_sort,prefix_heavy,1000,1349.59,36221
string_merge_sort,prefix_heavy,1000,13557.1,486599
msd_radix_sort,prefix_heavy,1000,5665.37,57866
msd_radix_quick_sort,prefix_heavy,1000,4315.2,58902
quick_sort,random,1100,8951.23,333354
merge_sort,random,1100,2116.05,21198
string_quick_sort,random,1100,859.533,11400
string_merge_sort,random,1100,2326.17,21198
msd_radix_sort,random,1100,1953.31,4728
msd_radix_quick_sort,random,1100,526.433,6318
quick_sort,reverse_sorted,1100,6843.38,270112
merge_sort,reverse_sorted,1100,1850.12,16632
string_quick_sort,reverse_sorted,1100,2881,48389
string_merge_sort,reverse_sorted,1100,1679.63,16632
msd_radix_sort,reverse_sorted,1100,2256.02,4796
msd_radix_quick_sort,reverse_sorted,1100,805.6,10727
quick_sort,nearly_sorted,1100,6831.92,270058
merge_sort,nearly_sorted,1100,1830.92,16181
string_quick_sort,nearly_sorted,1100,1645.4,25965
string_merge_sort,nearly_sorted,1100,1864.86,16181
msd_radix_sort,nearly_sorted,1100,1988.82,4812
msd_radix_quick_sort,nearly_sorted,1100,593.212,6951
quick_sort,prefix_heavy,1100,29273.5,1.23454e+06
merge_sort,prefix_heavy,1100,19757.8,736131
string_quick_sort,prefix_heavy,1100,1701.08,50983
string_merge_sort,prefix_heavy,1100,18863.8,736131
msd_radix_sort,prefix_heavy,1100,7294.25,85398
msd_radix_quick_sort,prefix_heavy,1100,5799.32,86587
quick_sort,random,1200,9746.47,356068
merge_sort,random,1200,2900.65,23762
string_quick_sort,random,1200,877.475,12354
string_merge_sort,random,1200,2572.83,23762
msd_radix_sort,random,1200,2521.02,5274
msd_radix_quick_sort,random,1200,579.425,7168
quick_sort,reverse_sorted,1200,7413.6,317892
merge_sort,reverse_sorted,1200,1558.86,18820
string_quick_sort,reverse_sorted,1200,2674.88,51871
string_merge_sort,reverse_sorted,1200,2341,18820
msd_radix_sort,reverse_sorted,1200,2406.32,5334
msd_radix_quick_sort,reverse_sorted,1200,904.233,12242
quick_sort,nearly_sorted,1200,8422.08,312228
merge_sort,nearly_sorted,1200,1871.71,16265
string_quick_sort,nearly_sorted,1200,1544.45,26324
string_merge_sort,nearly_sorted,1200,1894.42,16265
msd_radix_sort,nearly_sorted,1200,2448.59,5282
msd_radix_quick_sort,nearly_sorted,1200,676.416,8073
quick_sort,prefix_heavy,1200,19292,812418
merge_sort,prefix_heavy,1200,9730.53,345950
string_quick_sort,prefix_heavy,1200,1377.35,29744
string_merge_sort,prefix_heavy,1200,10683.1,345950
msd_radix_sort,prefix_heavy,1200,4777.7,41078
msd_radix_quick_sort,prefix_heavy,1200,3100.42,42733
quick_sort,random,1300,11085.9,391578
merge_sort,random,1300,3043.27,26252
string_quick_sort,random,1300,949.658,13552
string_merge_sort,random,1300,2660.01,26252
msd_radix_sort,random,1300,2668.34,5742
msd_radix_quick_sort,random,1300,757.35,7981
quick_sort,reverse_sorted,1300,9797.5,362898
merge_sort,reverse_sorted,1300,2200.27,20854
string_quick_sort,reverse_sorted,1300,3537.69,55470
string_merge_sort,reverse_sorted,1300,2093.34,20854
msd_radix_sort,reverse_sorted,1300,2553.47,5740
msd_radix_quick_sort,reverse_sorted,1300,956.284,13976
quick_sort,nearly_sorted,1300,8777.94,333277
merge_sort,nearly_sorted,1300,2121.34,19824
string_quick_sort,nearly_sorted,1300,2467.62,36573
string_merge_sort,nearly_sorted,1300,2267.32,19824
msd_radix_sort,nearly_sorted,1300,2531.55,5714
msd_radix_quick_sort,nearly_sorted,1300,756.008,8722
quick_sort,prefix_heavy,1300,25347.4,957177
merge_sort,prefix_heavy,1300,13627.2,450866
string_quick_sort,prefix_heavy,1300,1645.97,37047
string_merge_sort,prefix_heavy,1300,13371.4,450866
msd_radix_sort,prefix_heavy,1300,6054.98,52258
msd_radix_quick_sort,prefix_heavy,1300,3951.35,54153
quick_sort,random,1400,10803.6,413573
merge_sort,random,1400,3021.47,28864
string_quick_sort,random,1400,1007.12,14940
string_merge_sort,random,1400,3106.05,28864
msd_radix_sort,random,1400,2899.2,6266
msd_radix_quick_sort,random,1400,861.379,8594
quick_sort,reverse_sorted,1400,11104.3,397658
merge_sort,reverse_sorted,1400,2546.93,22768
string_quick_sort,reverse_sorted,1400,3858.92,62372
string_merge_sort,reverse_sorted,1400,2499.62,22768
msd_radix_sort,reverse_sorted,1400,2828.68,6198
msd_radix_quick_sort,reverse_sorted,1400,1145.55,15952
quick_sort,nearly_sorted,1400,9521.31,379673
merge_sort,nearly_sorted,1400,2570.46,21708
string_quick_sort,nearly_sorted,1400,2324.5,34492
string_merge_sort,nearly_sorted,1400,2513.65,21708
msd_radix_sort,nearly_sorted,1400,2600.06,6132
msd_radix_quick_sort,nearly_sorted,1400,766.671,9506
quick_sort,prefix_heavy,1400,34031.9,1.37912e+06
merge_sort,prefix_heavy,1400,17684.9,722645
string_quick_sort,prefix_heavy,1400,1932.34,51311
string_merge_sort,prefix_heavy,1400,19793.5,722645
msd_radix_sort,prefix_heavy,1400,7174.45,81114
msd_radix_quick_sort,prefix_heavy,1400,4320.73,83033
quick_sort,random,1500,12933.5,458436
merge_sort,random,1500,3252.8,31522
string_quick_sort,random,1500,1194.69,16391
string_merge_sort,random,1500,3177.87,31522
msd_radix_sort,random,1500,3519.25,6744
msd_radix_quick_sort,random,1500,845.379,9494
quick_sort,reverse_sorted,1500,11774.3,447280
merge_sort,reverse_sorted,1500,2894.72,24656
string_quick_sort,reverse_sorted,1500,5507.06,66293
string_merge_sort,reverse_sorted,1500,2524.42,24656
msd_radix_sort,reverse_sorted,1500,3353.65,6730
msd_radix_quick_sort,reverse_sorted,1500,1255.53,17777
quick_sort,nearly_sorted,1500,11752.3,441114
merge_sort,nearly_sorted,1500,2541.67,22405
string_quick_sort,nearly_sorted,1500,3253.97,48709
string_merge_sort,nearly_sorted,1500,2533.3,22405
msd_radix_sort,nearly_sorted,1500,2936.98,6714
msd_radix_quick_sort,nearly_sorted,1500,863.425,10675
quick_sort,prefix_heavy,1500,35263.8,1.29456e+06
merge_sort,prefix_heavy,1500,18476.1,671350
string_quick_sort,prefix_heavy,1500,1919.9,52117
string_merge_sort,prefix_heavy,1500,19617.6,671350
msd_radix_sort,prefix_heavy,1500,7721.74,75112
msd_radix_quick_sort,prefix_heavy,1500,5230.59,77458
quick_sort,random,1600,12962.5,472787
merge_sort,random,1600,4174.47,33959
string_quick_sort,random,1600,1480.49,19428
string_merge_sort,random,1600,3689.82,33959
msd_radix_sort,random,1600,3550.33,7244
msd_radix_quick_sort,random,1600,945.337,10146
quick_sort,reverse_sorted,1600,11361.1,456654
merge_sort,reverse_sorted,1600,2892.93,26574
string_quick_sort,reverse_sorted,1600,4955.67,71142
string_merge_sort,reverse_sorted,1600,2903.02,26574
msd_radix_sort,reverse_sorted,1600,3275.11,7168
msd_radix_quick_sort,reverse_sorted,1600,1396.63,19717
quick_sort,nearly_sorted,1600,11548.5,458619
merge_sort,nearly_sorted,1600,2752.34,24425
string_quick_sort,nearly_sorted,1600,2808.76,45327
string_merge_sort,nearly_sorted,1600,2860.2,24425
msd_radix_sort,nearly_sorted,1600,3183.91,7184
msd_radix_quick_sort,nearly_sorted,1600,987.329,11602
quick_sort,prefix_heavy,1600,41520.5,1.70939e+06
merge_sort,prefix_heavy,1600,27349.3,963285
string_quick_sort,prefix_heavy,1600,1896.65,64492
string_merge_sort,prefix_heavy,1600,25791.3,963285
msd_radix_sort,prefix_heavy,1600,10003.3,105548
msd_radix_quick_sort,prefix_heavy,1600,7285.69,108083
quick_sort,random,1700,14357.3,513798
merge_sort,random,1700,3744.03,36854
string_quick_sort,random,1700,1481.15,19134
string_merge_sort,random,1700,4077.77,36854
msd_radix_sort,random,1700,4217.32,7712
msd_radix_quick_sort,random,1700,1103.28,10980
quick_sort,reverse_sorted,1700,14267.3,474426
merge_sort,reverse_sorted,1700,3625.51,28554
string_quick_sort,reverse_sorted,1700,5986.48,77262
string_merge_sort,reverse_sorted,1700,3666.95,28554
msd_radix_sort,reverse_sorted,1700,4519.17,7766
msd_radix_quick_sort,reverse_sorted,1700,1864.39,22021
quick_sort,nearly_sorted,1700,12839.7,461603
merge_sort,nearly_sorted,1700,3049.17,23456
string_quick_sort,nearly_sorted,1700,4010.24,56556
string_merge_sort,nearly_sorted,1700,3110.54,23456
msd_radix_sort,nearly_sorted,1700,3884.57,7712
msd_radix_quick_sort,nearly_sorted,1700,1077.95,12975
quick_sort,prefix_heavy,1700,36096.1,1.43516e+06
merge_sort,prefix_heavy,1700,21063.7,710880
string_quick_sort,prefix_heavy,1700,2446.94,53589
string_merge_sort,prefix_heavy,1700,20351.6,710880
msd_radix_sort,prefix_heavy,1700,8388.73,78522
msd_radix_quick_sort,prefix_heavy,1700,5801.7,81446
quick_sort,random,1800,15510.9,553085
merge_sort,random,1800,4458.62,39259
string_quick_sort,random,1800,1630.98,20135
string_merge_sort,random,1800,4304.1,39259
msd_radix_sort,random,1800,4014.81,8182
msd_radix_quick_sort,random,1800,1151.84,11880
quick_sort,reverse_sorted,1800,11693.9,471896
merge_sort,reverse_sorted,1800,2842.02,30264
string_quick_sort,reverse_sorted,1800,5605.72,82951
string_merge_sort,reverse_sorted,1800,2922.53,30264
msd_radix_sort,reverse_sorted,1800,3778.3,8176
msd_radix_quick_sort,reverse_sorted,1800,1616.5,24086
quick_sort,nearly_sorted,1800,13745.2,476111
merge_sort,nearly_sorted,1800,3643.19,30937
string_quick_sort,nearly_sorted,1800,4103.25,49622
string_merge_sort,nearly_sorted,1800,3611.1,30937
msd_radix_sort,nearly_sorted,1800,4181.86,8168
msd_radix_quick_sort,nearly_sorted,1800,1220.56,13081
quick_sort,prefix_heavy,1800,41013.6,1.60995e+06
merge_sort,prefix_heavy,1800,23881.1,725035
string_quick_sort,prefix_heavy,1800,2715.45,54958
string_merge_sort,prefix_heavy,1800,23498.3,725035
msd_radix_sort,prefix_heavy,1800,9056.28,79592
msd_radix_quick_sort,prefix_heavy,1800,6408.57,82795
quick_sort,random,1900,16977.6,557453
merge_sort,random,1900,4693.71,42125
string_quick_sort,random,1900,1750.69,21861
string_merge_sort,random,1900,4756.32,42125
msd_radix_sort,random,1900,4379.44,8708
msd_radix_quick_sort,random,1900,1182.17,12375
quick_sort,reverse_sorted,1900,12526.2,469144
merge_sort,reverse_sorted,1900,3556.02,31792
string_quick_sort,reverse_sorted,1900,5749.9,88100
string_merge_sort,reverse_sorted,1900,3695.92,31792
msd_radix_sort,reverse_sorted,1900,4314.16,8680
msd_radix_quick_sort,reverse_sorted,1900,1789.45,26402
quick_sort,nearly_sorted,1900,12715.3,473784
merge_sort,nearly_sorted,1900,3751.45,34251
string_quick_sort,nearly_sorted,1900,4067.15,62877
string_merge_sort,nearly_sorted,1900,3845.82,34251
msd_radix_sort,nearly_sorted,1900,4024.55,8670
msd_radix_quick_sort,nearly_sorted,1900,1223.97,14213
quick_sort,prefix_heavy,1900,26297.4,994566
merge_sort,prefix_heavy,1900,11632.5,334997
string_quick_sort,prefix_heavy,1900,1996.07,35765
string_merge_sort,prefix_heavy,1900,11440.6,334997
msd_radix_sort,prefix_heavy,1900,5983.12,39008
msd_radix_quick_sort,prefix_heavy,1900,3255.99,43036
quick_sort,random,2000,14936.4,605463
merge_sort,random,2000,4492.53,44632
string_quick_sort,random,2000,1687.02,23053
string_merge_sort,random,2000,4628.35,44632
msd_radix_sort,random,2000,4517.96,9194
msd_radix_quick_sort,random,2000,1277.63,13733
quick_sort,reverse_sorted,2000,12768.9,470688
merge_sort,reverse_sorted,2000,3384.21,33286
string_quick_sort,reverse_sorted,2000,4713.08,93666
string_merge_sort,reverse_sorted,2000,2678.5,33286
msd_radix_sort,reverse_sorted,2000,4455.49,9248
msd_radix_quick_sort,reverse_sorted,2000,1948.53,28893
quick_sort,nearly_sorted,2000,13403.4,503360
merge_sort,nearly_sorted,2000,3793.91,37254
string_quick_sort,nearly_sorted,2000,4260.21,62194
string_merge_sort,nearly_sorted,2000,3881.09,37254
msd_radix_sort,nearly_sorted,2000,4615.19,9308
msd_radix_quick_sort,nearly_sorted,2000,1259.25,15240
quick_sort,prefix_heavy,2000,53784.4,2.11303e+06
merge_sort,prefix_heavy,2000,33337.2,1.20504e+06
string_quick_sort,prefix_heavy,2000,2650.87,80504
string_merge_sort,prefix_heavy,2000,31994.8,1.20504e+06
msd_radix_sort,prefix_heavy,2000,11725.2,128078
msd_radix_quick_sort,prefix_heavy,2000,8757.91,131576
quick_sort,random,2100,17276.1,643365
merge_sort,random,2100,5017.98,47485
string_quick_sort,random,2100,1783.79,24219
string_merge_sort,random,2100,4921.29,47485
msd_radix_sort,random,2100,4572.89,9636
msd_radix_quick_sort,random,2100,1342.72,14356
quick_sort,reverse_sorted,2100,13087.2,501084
merge_sort,reverse_sorted,2100,3642.82,35254
string_quick_sort,reverse_sorted,2100,6423.73,98683
string_merge_sort,reverse_sorted,2100,3806.95,35254
msd_radix_sort,reverse_sorted,2100,4899.81,9718
msd_radix_quick_sort,reverse_sorted,2100,2068.58,31413
quick_sort,nearly_sorted,2100,12524.4,503374
merge_sort,nearly_sorted,2100,2251.38,25260
string_quick_sort,nearly_sorted,2100,5154.27,75602
string_merge_sort,nearly_sorted,2100,2889.86,25260
msd_radix_sort,nearly_sorted,2100,4624.71,9764
msd_radix_quick_sort,nearly_sorted,2100,1559.73,17610
quick_sort,prefix_heavy,2100,56866.2,2.39934e+06
merge_sort,prefix_heavy,2100,38089.9,1.393e+06
string_quick_sort,prefix_heavy,2100,3362.67,90826
string_merge_sort,prefix_heavy,2100,38857,1.393e+06
msd_radix_sort,prefix_heavy,2100,13734.8,146872
msd_radix_quick_sort,prefix_heavy,2100,9976.08,150364
quick_sort,random,2200,18182.3,666124
merge_sort,random,2200,5224.5,50466
string_quick_sort,random,2200,1836.93,24984
string_merge_sort,random,2200,5271.37,50466
msd_radix_sort,random,2200,5431,10314
msd_radix_quick_sort,random,2200,1323.03,15326
quick_sort,reverse_sorted,2200,13878,534586
merge_sort,reverse_sorted,2200,4026.33,38072
string_quick_sort,reverse_sorted,2200,6789.78,104576
string_merge_sort,reverse_sorted,2200,4051.55,38072
msd_radix_sort,reverse_sorted,2200,5205.26,10228
msd_radix_quick_sort,reverse_sorted,2200,2288.55,33446
quick_sort,nearly_sorted,2200,14000.6,535569
merge_sort,nearly_sorted,2200,4197.73,35789
string_quick_sort,nearly_sorted,2200,3356.92,53605
string_merge_sort,nearly_sorted,2200,4208.79,35789
msd_radix_sort,nearly_sorted,2200,5169.93,10324
msd_radix_quick_sort,nearly_sorted,2200,1506.56,17826
quick_sort,prefix_heavy,2200,34543.6,1.43679e+06
merge_sort,prefix_heavy,2200,19356,613929
string_quick_sort,prefix_heavy,2200,2564.27,53885
string_merge_sort,prefix_heavy,2200,18297.3,613929
msd_radix_sort,prefix_heavy,2200,7184.65,67218
msd_radix_quick_sort,prefix_heavy,2200,5398.86,71809
quick_sort,random,2300,19851.8,705319
merge_sort,random,2300,5521.92,53211
string_quick_sort,random,2300,2027.77,27866
string_merge_sort,random,2300,5286.21,53211
msd_radix_sort,random,2300,5467.46,10776
msd_radix_quick_sort,random,2300,1476.77,16116
quick_sort,reverse_sorted,2300,15477.1,576166
merge_sort,reverse_sorted,2300,4266.74,40514
string_quick_sort,reverse_sorted,2300,7286.38,109373
string_merge_sort,reverse_sorted,2300,4223.2,40514
msd_radix_sort,reverse_sorted,2300,5691.07,10744
msd_radix_quick_sort,reverse_sorted,2300,2617.92,36584
quick_sort,nearly_sorted,2300,16866.5,591095
merge_sort,nearly_sorted,2300,4734.62,42694
string_quick_sort,nearly_sorted,2300,5293.58,76946
string_merge_sort,nearly_sorted,2300,4853,42694
msd_radix_sort,nearly_sorted,2300,5490.26,10824
msd_radix_quick_sort,nearly_sorted,2300,1480.56,18199
quick_sort,prefix_heavy,2300,64905.2,2.63281e+06
merge_sort,prefix_heavy,2300,44946.4,1.59584e+06
string_quick_sort,prefix_heavy,2300,3791.69,102748
string_merge_sort,prefix_heavy,2300,42779.8,1.59584e+06
msd_radix_sort,prefix_heavy,2300,15111,165406
msd_radix_quick_sort,prefix_heavy,2300,12331.6,169809
quick_sort,random,2400,19680.7,727411
merge_sort,random,2400,5756.27,56180
string_quick_sort,random,2400,2412.66,31898
string_merge_sort,random,2400,5807.32,56180
msd_radix_sort,random,2400,6108.83,11320
msd_radix_quick_sort,random,2400,1535.48,16830
quick_sort,reverse_sorted,2400,17171,625602
merge_sort,reverse_sorted,2400,4472.9,43236
string_quick_sort,reverse_sorted,2400,7754.98,112913
string_merge_sort,reverse_sorted,2400,4551.45,43236
msd_radix_sort,reverse_sorted,2400,6191.48,11410
msd_radix_quick_sort,reverse_sorted,2400,2705.15,38666
quick_sort,nearly_sorted,2400,18446,613928
merge_sort,nearly_sorted,2400,5398.09,45602
string_quick_sort,nearly_sorted,2400,5656.75,70575
string_merge_sort,nearly_sorted,2400,5642.11,45602
msd_radix_sort,nearly_sorted,2400,5909.7,11300
msd_radix_quick_sort,nearly_sorted,2400,1590.7,19350
quick_sort,prefix_heavy,2400,63406,2.38483e+06
merge_sort,prefix_heavy,2400,36437.6,1.24598e+06
string_quick_sort,prefix_heavy,2400,3534.42,85129
string_merge_sort,prefix_heavy,2400,35225.3,1.24598e+06
msd_radix_sort,prefix_heavy,2400,13461,130244
msd_radix_quick_sort,prefix_heavy,2400,9192.53,135300
quick_sort,random,2500,21570.3,766929
merge_sort,random,2500,6845.27,59157
string_quick_sort,random,2500,2050.97,28498
string_merge_sort,random,2500,5780.09,59157
msd_radix_sort,random,2500,4868.25,11856
msd_radix_quick_sort,random,2500,1268.69,17978
quick_sort,reverse_sorted,2500,17825.7,692682
merge_sort,reverse_sorted,2500,4700.86,45418
string_quick_sort,reverse_sorted,2500,7898.65,119351
string_merge_sort,reverse_sorted,2500,4661.25,45418
msd_radix_sort,reverse_sorted,2500,6202.83,11828
msd_radix_quick_sort,reverse_sorted,2500,2761.03,41752
quick_sort,nearly_sorted,2500,17894.7,673113
merge_sort,nearly_sorted,2500,3700.59,30841
string_quick_sort,nearly_sorted,2500,6499.74,97637
string_merge_sort,nearly_sorted,2500,3655.9,30841
msd_radix_sort,nearly_sorted,2500,5795.15,11842
msd_radix_quick_sort,nearly_sorted,2500,1753,22189
quick_sort,prefix_heavy,2500,32758.2,1.17245e+06
merge_sort,prefix_heavy,2500,13635,361583
string_quick_sort,prefix_heavy,2500,2915.22,48207
string_merge_sort,prefix_heavy,2500,13806.2,361583
msd_radix_sort,prefix_heavy,2500,8278.7,41916
msd_radix_quick_sort,prefix_heavy,2500,3792.08,47801
quick_sort,random,2600,22000.8,798536
merge_sort,random,2600,6356.99,61931
string_quick_sort,random,2600,2520.74,33345
string_merge_sort,random,2600,6465.83,61931
msd_radix_sort,random,2600,6532.35,12366
msd_radix_quick_sort,random,2600,1730.36,18616
quick_sort,reverse_sorted,2600,18892.4,723094
merge_sort,reverse_sorted,2600,5003.19,47592
string_quick_sort,reverse_sorted,2600,7496.8,122982
string_merge_sort,reverse_sorted,2600,4927.15,47592
msd_radix_sort,reverse_sorted,2600,6728.12,12448
msd_radix_quick_sort,reverse_sorted,2600,2950.48,44264
quick_sort,nearly_sorted,2600,16899.7,717057
merge_sort,nearly_sorted,2600,5238.77,49459
string_quick_sort,nearly_sorted,2600,6232.93,97953
string_merge_sort,nearly_sorted,2600,5632.9,49459
msd_radix_sort,nearly_sorted,2600,6285.58,12410
msd_radix_quick_sort,nearly_sorted,2600,1750.79,21089
quick_sort,prefix_heavy,2600,52324.7,2.12775e+06
merge_sort,prefix_heavy,2600,29529.7,1.00336e+06
string_quick_sort,prefix_heavy,2600,3436.73,76612
string_merge_sort,prefix_heavy,2600,31116.4,1.00336e+06
msd_radix_sort,prefix_heavy,2600,12569.1,105238
msd_radix_quick_sort,prefix_heavy,2600,7574.75,111052
quick_sort,random,2700,23107.8,840975
merge_sort,random,2700,6870.85,64877
string_quick_sort,random,2700,2653.55,34540
string_merge_sort,random,2700,6852.14,64877
msd_radix_sort,random,2700,6846.89,12806
msd_radix_quick_sort,random,2700,1697.73,19487
quick_sort,reverse_sorted,2700,19597.9,758256
merge_sort,reverse_sorted,2700,5075.89,50132
string_quick_sort,reverse_sorted,2700,8328.89,132395
string_merge_sort,reverse_sorted,2700,5089.18,50132
msd_radix_sort,reverse_sorted,2700,6835.66,12894
msd_radix_quick_sort,reverse_sorted,2700,2979.04,46931
quick_sort,nearly_sorted,2700,19207,754539
merge_sort,nearly_sorted,2700,5676.2,50058
string_quick_sort,nearly_sorted,2700,5621.31,82917
string_merge_sort,nearly_sorted,2700,4397.23,50058
msd_radix_sort,nearly_sorted,2700,6091.16,12898
msd_radix_quick_sort,nearly_sorted,2700,1945.39,23013
quick_sort,prefix_heavy,2700,77948.2,3.23818e+06
merge_sort,prefix_heavy,2700,49728.4,1.8118e+06
string_quick_sort,prefix_heavy,2700,4130.11,112915
string_merge_sort,prefix_heavy,2700,48914.2,1.8118e+06
msd_radix_sort,prefix_heavy,2700,16685.3,183752
msd_radix_quick_sort,prefix_heavy,2700,12388.4,189188
quick_sort,random,2800,22994.6,857765
merge_sort,random,2800,7049.31,67885
string_quick_sort,random,2800,2492.11,31875
string_merge_sort,random,2800,7086.6,67885
msd_radix_sort,random,2800,7282.84,13464
msd_radix_quick_sort,random,2800,1786.06,20687
quick_sort,reverse_sorted,2800,21500.3,817094
merge_sort,reverse_sorted,2800,5450.94,52116
string_quick_sort,reverse_sorted,2800,8809.75,136194
string_merge_sort,reverse_sorted,2800,4069.5,52116
msd_radix_sort,reverse_sorted,2800,7103.58,13490
msd_radix_quick_sort,reverse_sorted,2800,3246.19,49647
quick_sort,nearly_sorted,2800,19761.8,761550
merge_sort,nearly_sorted,2800,5683.82,54339
string_quick_sort,nearly_sorted,2800,5150.7,91213
string_merge_sort,nearly_sorted,2800,4570.12,54339
msd_radix_sort,nearly_sorted,2800,6899.45,13458
msd_radix_quick_sort,nearly_sorted,2800,1895.58,23381
quick_sort,prefix_heavy,2800,83780.8,3.28978e+06
merge_sort,prefix_heavy,2800,51588,1.8894e+06
string_quick_sort,prefix_heavy,2800,4103.22,117213
string_merge_sort,prefix_heavy,2800,49411.3,1.8894e+06
msd_radix_sort,prefix_heavy,2800,17512,190678
msd_radix_quick_sort,prefix_heavy,2800,12995.1,196153
quick_sort,random,2900,25313.7,910984
merge_sort,random,2900,6046.19,70738
string_quick_sort,random,2900,2017.97,35113
string_merge_sort,random,2900,7648.16,70738
msd_radix_sort,random,2900,7491.28,13942
msd_radix_quick_sort,random,2900,1924.1,21544
quick_sort,reverse_sorted,2900,21639.3,870052
merge_sort,reverse_sorted,2900,4213.95,54466
string_quick_sort,reverse_sorted,2900,8928.91,142299
string_merge_sort,reverse_sorted,2900,5525.42,54466
msd_radix_sort,reverse_sorted,2900,7858.95,14104
msd_radix_quick_sort,reverse_sorted,2900,3603.11,52599
quick_sort,nearly_sorted,2900,23004.3,864727
merge_sort,nearly_sorted,2900,6047.84,58509
string_quick_sort,nearly_sorted,2900,4939.93,72359
string_merge_sort,nearly_sorted,2900,5987.89,58509
msd_radix_sort,nearly_sorted,2900,7112.84,13912
msd_radix_quick_sort,nearly_sorted,2900,1935.64,24718
quick_sort,prefix_heavy,2900,66395,2.53633e+06
merge_sort,prefix_heavy,2900,32731.2,1.1372e+06
string_quick_sort,prefix_heavy,2900,3995.87,88601
string_merge_sort,prefix_heavy,2900,34458.6,1.1372e+06
msd_radix_sort,prefix_heavy,2900,14818.9,117636
msd_radix_quick_sort,prefix_heavy,2900,8732.02,124369
quick_sort,random,3000,26438.6,941220
merge_sort,random,3000,6951.29,73666
string_quick_sort,random,3000,2807.34,36272
string_merge_sort,random,3000,7507.56,73666
msd_radix_sort,random,3000,8496.99,14556
msd_radix_quick_sort,random,3000,2097.55,22241
quick_sort,reverse_sorted,3000,22303.9,899424
merge_sort,reverse_sorted,3000,4999.05,56216
string_quick_sort,reverse_sorted,3000,10198.4,146535
string_merge_sort,reverse_sorted,3000,5750.05,56216
msd_radix_sort,reverse_sorted,3000,7964.65,14522
msd_radix_quick_sort,reverse_sorted,3000,3823.83,55512
quick_sort,nearly_sorted,3000,23735.9,865666
merge_sort,nearly_sorted,3000,6500.53,60198
string_quick_sort,nearly_sorted,3000,8288.27,120027
string_merge_sort,nearly_sorted,3000,11476.1,60198
msd_radix_sort,nearly_sorted,3000,8076.4,14556
msd_radix_quick_sort,nearly_sorted,3000,1944.67,25560
quick_sort,prefix_heavy,3000,81923.4,3.04371e+06
merge_sort,prefix_heavy,3000,46657.9,1.6128e+06
string_quick_sort,prefix_heavy,3000,4973.16,109073
string_merge_sort,prefix_heavy,3000,53148.6,1.6128e+06
msd_radix_sort,prefix_heavy,3000,19881.2,162982
msd_radix_quick_sort,prefix_heavy,3000,13780.8,169840
